HT	AD
CAST	AR
FMR1	XLD,XL
SYT1	AD
CHMP2B	AD
MYH7	AD,AR
FERMT1	AR
JPH2	AD
AIC	XLD
UBE2T	AR
SMARCA2	AD
PEX16	AR
GRXCR2	AR
BAAT	AR
PDSS2	AR
ACVR1	AD
CREB3L1	AR
CHD8	AD
MYP9	U
CANDF1	AD
NDUFB8	AR
AKT1	AD
PEX14	AR
SPTAN1	AD
ENUR2	AD
MID2	XLR
ARHGDIA	AR
ABCC6	AR,AD
HLA-G	AD
OCRL1	XLR
SNTA1	AD
NDUFV1	AR
ASPA	AR
MRT31	AR
SCZD12	AD
ACY1	AR
OTOG	AR
SGCE	AD
JPH1	AR
SH3TC2	AD,AR
RBM28	AR
SUGCT	AR
WNT5A	AD
CACT	AR
PBX1	AD
CEP57	AR
MYF5	AR
AP1S3	AD
TSPAN7	XLR
TUKLS	AR
ASCC1	AR
KCNK3	AD
RPL5	AD
DNASE1	AD
POLE	AR,AD
STAMBP	AR
TMEM98	AD
FANCA	AR
TNFRSF13B	AR
ARHGAP26	AD
ARHGEF18	AR
PROK2	AD
OFC14	AR
TBX19	AR
TMEM126B	AR
PTLAH	AD
BBS2	AR
SIX6	AR
SNCB	AD
RIPK4	AR
GYG1	AR
RPY	U
POLR1C	AR
SOST	AD,AR
FRTS1	AD
EEC1	AD
CALM2	AD
INSR	AR,AD
TDP2	AR
AMCN	AR
BAG3	AD
ALOXE3	AR
SAMD9	AD,AR
DMD	XL,XLR
MC1R	AR
TEX11	XLR
TSEN54	AR
TARS2	AR
PACS2	AD
SMPX	XLD
NCF2	AR
SDHAF2	AD
MC3R	U
HGF	AR
PEX19	AR
WNT2B	AR
ARV1	AR
POU3F4	XLR
AQP5	AD
LMNB2	AR,AD
GNAI3	AD
C1QBP	AR
SPEG	AR
LRRC6	AR
NFIA	AD
NAT8L	AR
USP8	AR
MECP2	XLR,XL,XLD
PDCD1	U
PSENEN	AD
SLC25A12	AR
TNPO3	AD
ATP6AP2	XLR
SLC4A11	AR
MMP1	AR
GPR143	XL
CA12	AR
TUBGCP4	AR
APP	AD
BPP	XLD
GRHL3	AD
HSPA9	AR,AD
RYR2	AD
TAPVR1	AD
DUH1	AD
MYCN	AD
VARS	AR
MIB1	AD
ACAN	AR,AD
MTND1	U
MGR6	AD
MTND6	AR
GJB1	XLD
MOCS2	AR
NDUFS1	AR
CPVT3	AR
DZIP1L	AR
KRT6C	AD
IGAN2	AD
DICER1	AD
P2RX2	AD
OPHN1	XLR
RB1	AR,AD
HADH	AR
BPGM	AR
CDK13	AD
RPS14	U
STRADA	AR
LAGE3	XLR
DIAPH2	XLD
ATP1A3	AD
TRAPPC2	XLR
TRPM6	AR
GSHR	AD
COL4A6	XLR,XL
ADAM22	AR
LRP2	AR
HSF4	AD
LMAN2L	AR
CYB5A	AR
COG2	AR
OFC13	AD
FGG	AR
CCDC103	AR
KLHL3	AD
SARDH	AR
TRAF7	AD
ZIC3	XLR
ABCC11	AD
RAB28	AR
GH1	AD,AR
PGAP2	AR
DIP2B	AD
HMGA2	U
TMPRSS15	AR
ALS2	AR
IL31RA	AD
CNPY3	AR
TBX1	AD
AK7	AR
PDA1	AR
TNFRSF11B	AR
MACF1	AD
ALPL	AD,AR
C8B	AR
DLX5	AD,AR
CCV	AD
LHCGR	AR
CLCN2	AD,AR
MDLS	AD
MTTS2	U
PITX3	AD
MASP2	AR
CNSN	AR
COX15	AR
PLEKHG2	AR
MRX45	XL
SAG	AR
BOS2	AD
STAR	AR
PROS1	AD,AR
MTO1	AR
SOX5	AD
CDK10	AR
HSD17B10	XLD
TRAC	AR
DFNA47	AD
SCA4	AD
PCCA	AR
NR3C1	AD
TEK	AD
DFNA27	AD
PGAM2	AR
ACTN4	AD
TAS2R16	U
CCL11	AD
CTRCT37	AD
ASD1	AD
IFT80	AR
CTRCT35	AR
CSNK1D	AD
RTTN	AR
MYO7A	AD,AR
ADCY5	AD
MTRR	AR
MLL2	AD
SRGAP1	AD
GPR56	AR
HBA1	AD
EBF3	AD
GP6	AR
BCKDHA	AR
IFNGR2	AR
DHX38	AR
PDLIM4	AD
C19orf12	AR
CISD2	AR
SBF2	AR
DFNX3	XL
CBX2	AR
LAMB3	AR,AD
CYBA	AR
STAT2	AR
HDAC6	XLD
CYP2R1	AR
EP300	AD
RUNX1	AD
WNK1	AR,AD
SLC25D1	AR
DWS	U
CYP3A5	U
CHRNA4	AD
ETV	AD
ATP2A1	AR
SLC12A6	AR
RPL26	AD
NOTCH2	AD
TXNDC3	AR
TMIE	AR
MTHFR	AD,AR
SLC24A1	AR
ALG6	AR
WDR62	AR
GFM1	AR
GLUD1	AD
XPR1	AD
PPA2	AR
RAB3GAP2	AR
UBA1	XLR
SLC1A1	AR
RASA1	AD
ZMYND15	AR
SPLRTN	AR
PHF6	XLR
RP9	AD
CCDC50	AD
WDR45	XLD
LHX3	AR
ACAVLD	AR
SIX3	AD
PPKP3	AD
EGR2	AR,AD
TTI2	AR
GABRB3	AD
B3GLCT	AR
SPDA2	AD
SOX2	AD
EPS8L2	AR
PAND1	AD
GLIS3	AR
MYH9	AD
MRX73	XLR
PDGFRB	AD
SMAD9	AD
HYT4	U
NCF4	AR
POLH	AR
DOK7	AR
EOS	AD
EYA1	AD
GSN	AD
ACTN1	AD
RIPK1	AR
USP9X	XLR,XLD
SDHA	AD,AR
ELP2	AR
IGHR	AD
NQO2	AD
EXOSC2	AR
MUSK	AR
NMLFS	AD
OPA2	XL
SELENBP1	AR
LPAR6	AR
ABCB6	AD
PHKG2	AR
SERPING1	AD
IBD11	U
PDZD7	AR
DFNB71	AR
TNIK	AR
IFT81	AR
NPHP1	AR
EFHC1	AD
COX14	AR
BMP1	AR
ZNF687	AD
MUTYH	AR
SDHAF1	AR
NUS1	AD,AR
KNL1	AR
MYMY4	XLR
EPG5	AR
DFNA31	AD
LIPT1	AR
CYP2A6	AD
HIST1H1E	AD
GNE	AD,AR
MBOAT7	AR
SNRPB	AD
ERBB2	AD
LRRK2	AD
EDN1	AR,AD
CCDC115	AR
YWHAE	AD
ROM1	AD
CR2	AR
DCTN1	AD
POC1B	AR
TPP1	AR
UQCRB	AR
RNASET2	AR
TPRN	AR
ITPR2	AR
TRPM7	AD
YARS2	AR
GREB1L	AD
PAPA2	AD
PCDH15	AR
CPAT1	AR
MTND4L	U
GJB2	AD,AR
HLA-DQB1	AR,AD
TRAIP	AR
LAMA3	AR
SERPINE1	AR
PHC1	AR
AHCY	AR
FH	AR,AD
VPS53	AR
CARS2	AR
PLOD2	AR
LRTOMT	AR
HFE2	AR
SURF1	AR
DNAAF1	AR
CFAP300	AR
ZMYND11	AD
PER3	AD
TNXB	AD,AR
CYB5R3	AR
HLCS	AR
CEP78	AR
FAH	AR
HEY	U
ADRB2	AD
ANOP1	XLR
THAS	XL
CTSA	AR
SLC2A1	AD
TLR2	AD
ALDH5A1	AR
HOXC13	AR
BMND7	AD
TNFSF5	XLR
NLGN4	XL
ATRX	XLR,XLD
TGFBR1	AD
DHH	AR
NCAPD3	AR
DNMT3A	AD
AFG3L2	AR,AD
SCN8A	AD
PPCS	AR
ATP2B3	XLR
CDC42	AD
MEGF8	AR
RPS19	AD
MLPH	AR
NUP93	AR
TARDBP	AD
CALM1	AD
SAMD9L	AD
MAMLD1	XLR
NT5C2	AR
MSX1	AD
FAM189A2	AD
MAGED2	XLR
WDR73	AR
OTULIN	AR
MTATP6	AR
SCO1	AR
GLE1	AR
RETN	AD
RP1L1	AD
TIMM50	AR
ARHGEF2	AR
TCF2	AD
VAX1	AR
CENPF	AR
FLI1	AD
PHKB	AR
ABCD3	AR
ADCK3	AR
IKBKG	XLR,XLD
MSH5	AR
NUP107	AR
ALG14	AR
MIR96	AD
HMSN5	AD
GATM	AR
PCNA	AR
IGF1R	AD
NYS3	AD
AAAS	AR
MOGS	AR
RAB7A	AD
KCND3	AD
VIPAS39	AR
B4GALNT1	AR
VKORC1	AD
VPS13B	AR
AMBN	AR
HFE	AD,AR
PAK1	AD
DFNB20	AR
AT3	AD
POP1	AR
OPA6	AR
F9	XLR,AD
COL4A4	AR,AD
COL5A2	AD
EIF4G1	AD
OGDH	AR
PXDN	AR
CTNNA1	AD
GALC	AR
CDAN3	AD
SLC22A12	AR
SH3BP2	AD
PKD1	AD
CRBN	AR
KITLG	AD
SCZD5	AD
OTUD6B	AR
ACTC1	AD
FOXD3	AD
MCOLN1	AR
MYO1E	AR
PSPH	AR
POFUT1	AD
PSAP	AR
MSX2	AD
APMR2	AR
LYRM4	AR
IFT140	AR
CCT5	AR
NECAP1	AR
PNPLA8	AR
COL6A2	AR,AD
ATP6V1B2	AD
IGKC	AR
NSMCE2	AR
SMARCA4	AD
GUCA1A	AD
LOR	AD
EJM9	AD
EOE2	U
ARPC1B	AR
STEAP3	AD
COQ2	AR,AD
TUBB8	AD
CACNA1E	AD
AGMX2	XL
SEC23A	AR
FOXF1	AD
ATAD3A	AD
FGF8	AD
WRAP53	AR
DST	AR
CRYBA2	AD
DSC2	AD
POLR1A	AD
PLCE1	AR
MSN	XLR
LTBP2	AR
HABP2	AD
PTPN14	AR
AURKA	U
LAMB2	AR
ABCD1	XLR
ITGB3	AR,AD
PLA2G7	AR,AD
DKBI	AD
KRAS	AD
IL17RA	AR
VPS45	AR
ZP3	AD
OR2J3	AD
C2CD3	AR
TNNT3	AD
C2ORF25	AR
RNF216	AR
FWS	AR
SGOL1	AR
ACTA1	AD
STX11	AR
DNAJC19	AR
MTTL1	AR
PSHK2	AD
PATL2	AR
KIF1B	AD
DISC2	AD
GPSM2	AR
SALL1	AD
FLNA	XLR,XLD,XL
HYLS1	AR
DNAAF4	AR,AD
GPNMB	AR
KCTD7	AR
IL4R	AD
ASPG1	U
MIR17HG	AD
OCLN	AR
TELAB1	AD
ZNF341	AR
SLC7A7	AR
CEP41	AR
AMMECR1	XLR
PFM3	AD
MECOM	AD
GUCY2C	AD,AR
LGV1	U
IHPS1	AD
AIPL1	AR
DFNA30	AD
MAP2K1	AD
PTH	AD
ARID2	AD
TTC21B	AD,AR
FGFR1	AD
RAD51A	AD
TRMT1	AR
GALNT3	AR
LBR	AD,AR
MEOX1	AR
NT5E	AR
TBX3	AD
HOXA2	AD
CYP27A1	AR
DFNB47	AR
ZNF469	AR
CLCN7	AR,AD
RPL11	AD
ATP8B1	AR,AD
MYP5	AD
RBCK1	AR
BHLHE41	AD
SLC25A1	AR
UCHL1	AR
BTBD12	AR
RUNX2	AD
MAFA	AD
LRPAP1	AR
DYRK1A	AD
FCMTE1	AD
AP2S1	AD
DGAT1	AR
KMT2A	AD
TDRD7	AR
CNTN1	AR
XPNPEP3	AR
HHPP	AD
DLL3	AR
KCNMB1	AD
FAM20C	AR
PIGM	AR
RTN2	AD
HBG2	AD
NCAPH	AR
SELENON	AD,AR
EMG1	AR
MYH8	AD
SCYL1	AR
XRCC3	AD
OPTN	AD
PSS	U
MKKS	AR
SERPINB6	AR
WDR35	AR
SLC6A16	AR
TUB	AR
NEK8	AR
NKX6-2	AR
MAPKBP1	AR
SYN1	XLR
SCN2B	AD
ISCA1	AR
MARVELD2	AR
MGP	AR
OBSL1	AR
CORO1A	AR
GRID2	AR
ADHD4	AD
MSRB3	AR
IDDM15	U
KIAA0556	AR
SGCD	AR
GOSR2	AR
KREMEN1	AR
MRT16	AR
MMP21	AR
RPS7	AD
TUBB1	AD
SPG3A	AD
LEPRE1	AR
CIDEC	AR
WHS	U
ELAC2	AR
SLC25A24	AD
CCDC88C	AR,AD
GAA	AR
DNAJC12	AR
PPM1D	AD
COL6A1	AR,AD
CHD4	AD
HDC	AD
MBD5	AD
CHAT	AR
CYLD	AD
MC2R	AR
NOLA3	AR
PIGP	AR
FLAD1	AR
GBA2	AR
ATF6	AR
CMTX3	XLR
MRPS34	AR
MYP15	AD
SOX9	AD
G6PD	XLD
CYP17A1	AR
NDUFA12	AR
NDUFA1	AR,XLR
CYP2C19	AR
PTPRF	AR
LGMD1H	AD
TUBA3D	AD
SCZD7	AD
RLIM	XL
TRMT10A	AR
REEP6	AR
IFNG	AD
MAGI2	AR
TCTEX1D2	AR
KARS	AR
SOD1	AD
CTRCT29	AD
WDR72	AR
HACE1	AR
C15ORF41	AR
GHSR	AD
KCNQ3	AD
RLBP1	AD,AR
TRIP12	AD
IDH1	AD
SERAC1	AR
CRLF1	AR
PNPT1	AR
ICOS	AR
DNMT3B	AR
BMPR2	AD
ZAK	AR
FIGLA	AD
TDRD9	AR
KIF7	AR
RNASEH2C	AR
NPHP4	AR
BMP4	AD
CDC45L	AR
CYP27B1	AR
GSDME	AD
APMR3	AR
SOX10	AD
FRMD4A	AR
AMTN	AD
ATHS	AD
THOC6	AR
AKAP9	AD
NOS3	AD
CD247	AR
GATA4	AD
XH2	XLR
CFTDX	XLD
MYLK2	AD
F5	AD,AR
PHGDH	AR
CD244	U
SLC6A3	AR
TRAPPC11	AR
PTPRJ	U
MXI1	U
CPT1A	AR
USH1C	AR
PPOX	AD
SLC6A9	AR
DNAJC3	AR
MFAP5	AD
PEX13	AR
FBXO38	AD
IL17RC	AR
HSD17B3	AR
OTSC7	AD
MANBA	AR
TMC8	AR
TBC1D20	AR
S1PR2	AR
SGO1	AR
NR2F2	AD
SEC24D	AR
MATN3	AD,AR
ATM	AR,AD
AUTS5	AD
ADAMTS3	AR
GLUD2	AD
MGME1	AR
POGLUT1	AD,AR
ATP1B1	U
ADHD3	AD
HPS1	AR
ABCC2	AR
BDP1	AR
MRX23	XL
POLG2	AD
COL1A1	AD
C12ORF65	AR
FGF3	AR
RAD54B	U
FLVCR1	AR
MGAT2	AR
GNB1	AD
DFNA16	AD
CMTDIA	AD
ACO2	AR
LGI4	AR
CASP10	AD
TBXA2R	AD
NDUFAF1	AR
KLF1	AD
IMPDH1	AD
PCBD1	AR
HELLS	AR
LEPREL1	AR
CPOX	AD
CFEOM3C	AD
APOL4	AD
WNT10B	AR,AD
AGBL5	AR
SCLC1	AD
IFITM5	AD
ABCA7	AD
SNX10	AR
MRX53	XLR
LMNB1	AD
GNB5	AR
COG1	AR
AUTS1	U
ZFHX3	U
MRX20	XL
HCN4	AD
KCNH2	AD
ECTD5	AR
FRAS1	AR
CLN5	AR
RGS5	U
CDK4	AD
DPM3	AR
MLH3	U
FAN1	AR
MTMR14	AD
F2	AD,AR
LAMA4	AD
GLUL	AR
CCNQ	XLD
UMPS	AR
SLC39A14	AD,AR
SPG41	AD
CXCR4	AD
KWE	AD
FGF10	AD
SLC9A1	AR
ILDR1	AR
JARID1C	XLR
EMP2	AR
MTCYB	U
GRXCR1	AR
PC	AR
EKD2	AD
SLC52A1	AD
TYMP	AR
ANXA11	AD
SLC26A4	AR
SCGB3A2	AD
GDNF	AD
ATXN8	AD
CRSA	AD
SERPINA1	AR
SLC19A2	AR
PRF1	AR
FOXE3	AD,AR
SLC44A4	AD
SCN3A	AD
TREM2	AR
CFAP43	AR
NLGN4X	XL
EFEMP1	AD
WNK4	AD
HYPT5	AD
BTD	AR
GFPT1	AR
KRT16	AD
GPR68	AR
CHDM	AD
NOTCH3	AD
ISCA2	AR
MSH3	AR
TSPYL1	AR
KIF5C	AD
MMP20	AR
LIPT2	AR
DNA2	AD,AR
POLR3A	AR
EDNRB	AD,AR
SHFLD3	AD
ARL3	AD,AR
DNM2	AD,AR
KCNT1	AD
GDF9	AR
GNAI2	AD
CYP19A1	U
PRDM6	AD
RSPH3	AR
IL12RB1	AR
DYT1	AD
ADGRG2	XL
PPT1	AR
MHS3	AD
HDCPH1	AD
CFC1	AD
ARSE	XLR
CHSY1	AR
DACT	AD
PRKCD	AR
ATXN1	AD
GCGR	AD
IS1	AD
KANK2	AR
MCOPCT1	AD
LMX1B	AD
KCNJ1	AD,AR
CTU2	AR
CNNM4	AR
NF1	AD
TCN2	AR
VRK1	AR
GDAP1	AR
ASXL2	AD
BSND	AR
MUC7	AD
CARMIL2	AR
EHHADH	AD
STN1	AR
PAH	AR
PAFC	AD
GJA3	AD
SRS	AD
ARHGAP31	AD
STAG3	AR
MYD88	AD
MOCOS	AR
PMS2	AR
KRT83	AD,AR
SPAST	AD
DNAJC13	AD
SMN1	AR
HMX1	AR
DKC1	XLR
PCSK1	AR
CYP2U1	AR
KIRREL3	AD
AP3B1	AR
TMEM5	AR
HLA-C	U
NPCA2	U
PPP2R1A	AD
LIS1	AD
PYCR1	AR
CNTN2	AR
ALDOA	AR
GCH1	AD,AR
POT1	AD
TNFSF11	AR
RCD1	AD
THM	AR
COMA	AR
GNPAT	AR
MPO	AR,AD
MYO18B	AR
RARS	AR
PICALM	AD
DVL3	AD
PUF60	AD
BMND8	AD
GUST	XL
SACS	AR
CLCNKA	U
MAD2L2	AR
EOGT	AR
POLR1D	AD
MADH4	AD
DCXR	AR
CDH11	AR
TJP2	AR,AD
MAT1A	AD
NYS2	AD
EXOSC8	AR
SLC12A3	AR
TLL1	AD
DRD3	AD
ABCA5	AR
SLC18A3	AR
TNFRSF7	AR
YARS	AD
CD3D	AR
ARR3	XL
EIF2B1	AR
ASPG2	U
DFNB27	AR
FUS	AD
MNG2	XLD
MRXSCS	XLR
ACVRL1	AD
HBA2	AD
OTSC10	AD
TECPR2	AR
TXN2	AR
LMAN1	AR
SCA7	AD
DCAF8	AD
ACD	AD
RBP4	AR,AD
ITPA	AR
ITGB2	AR
ATP13A2	AR
PSMNSW	AD
NAA15	AD
CANDN1	AD
PDE11A	AD
CTNNA2	AR
WBS	AD
PLCG2	AD
ANO3	AD
AD5	AD
BFSP1	AR
SPG27	AR
ADHD1	AD
ZEB2	AD
LCT	AR
SPRTN	AR
PEX5	AR
MMDK	AD
ALDH6A1	AR
GNAL	AD
CEP152	AR
TBX6	AR
ADSL	AR
MRT11	AR
MTTS1	AR,AD
HCF2	AD
MAN2B1	AR
MDC1B	AR
BULN	U
PDE1C	AD
SEPN1	AD,AR
EDSS2	AR
MTOR	AD
TPMT	AR
ADAMTSL2	AR
ANTXR2	AR
C9ORF72	AD
HEXA	AR
AVPR2	XLR
TYRP1	AR
SCARB2	AR
CERS1	AR
GLS	AR
NHP2	AR
CD96	AD
TMEM70	AR
IGSF3	AR
PKS	U
SPINT2	AR
F10	AR
COL8A2	AD
TGFBR2	AD
BANF1	AR
ADCY3	AR
IDDM6	U
CTH	AR
VAC14	AR
SEDL	XLR
AQP7	AR
MGR2	XL
FAT4	AR
PAPA5	AR
ADK	AR
TYK2	AR
NYS5	XLD
DYT21	AD
LRP1	AR
GPT2	AR
SLI1	U
DYM	AR
SLC17A8	AD
DHCR24	AR
TK2	AR
CEBPE	AR
VMA21	XLR
AP1S1	AR
VCP	AD
F12	AR,AD
SCN9A	AD,AR
LAMC2	AR
SMC3	AD
PDP1	AR
DDX3X	XLD
CUX1	AD
GUF1	AR
NBS1	AR
CLN3	AR
AGRN	AR
CNTNAP2	AR
ZMYND10	AR
FMN2	AR
TSHB	AR
AA2	AD
FSHB	AR
SLC25A38	AR
H19	AD
PSMB4	AR
EVR3	AD
FUT8	AR
EA7	AD
PIGO	AR
ANK1	AD
POR	AR
PNKP	AR
SOX11	AD
D2HGD	AR
IR17RC	AR
HSD3B2	AR
UPB1	AR
PAX4	AD
FOLR1	AR
TBXT	AD,AR
ARHGEF9	XLR
HADHA	AR
MAP3K20	AR
CDON	AD
TRIM32	AR
SLC30A8	AD
SERPIND1	AD
RAB23	AR
ITPR1	AD
TPRKB	AR
UQCRC2	AR
MMP2	AR
SLC17A9	AD
KRT85	AR
APPL1	AD
TGM3	AR
ADGRV1	AR,AD
PLA2G2A	U
TP53RK	AR
SCA20	AD
NKX2E	AD
AGSPX	XLD
TUBGCP6	AR
NAFLD1	U
DFNA18	AD
UBA5	AR
VPS33B	AR
PFBI	AR
HNRNPU	AD
SLC30A9	AR
PBCA	AR
NDUFB3	AR
RPL12	AD
NUP62	AR
CLCN4	XLD
REEP2	AD
UGT1A1	AR
ZIC2	AD
GABBR2	AD
ORC4	AR
FAM111B	AD
SPTLC1	AD
OFC3	AD
BCS1L	AR
TRPC6	AD
TMEM142A	AR
KCNQ5	AD
PDGFRL	U
GCCD3	AR
KCNA2	AD
COLEC11	AR
ADH1B	U
MLL	AD
ST14	AR
MDNS	AD
RP6	XL
ARFGEF2	AR
AHDC1	AD
NDUFS6	AR
TMEM43	AD
FEZF1	AR
APTX	AR
FBP1	AR
FECH	AR
OTX2	AD
HEPACAM	AR,AD
EGFR	AR
RNF168	AR
AURKC	AR
REEP1	AD
DNAJC21	AR
SLC5A1	AR
C10orf2	AR
GJA5	AD
FAM58A	XLD
INDX	XLD
OCA2	AR
BLNK	AR
CPT2	AR,AD
FOXG1	AD
ODZ3	AR
TAC3	AR
RPL10	XLR
TTN	AR,AD
SPTB	AD
MLLT10	AD
FIP1L1	U
KCNJ18	AD
SMAD4	AD
ERF	AD
CIB1	AR
UFC1	AR
HCFC1	XLR
ACP4	AR
HPPD	AD
WARS2	AR
BRP44L	AR
GLB1	AR
TTR	AD
ANIC	AD
ALPQTL1	AD
DVL1	AD
SLC37A4	AR
OPN1MW	XL,XLR
KCNJ11	AR,AD
MTTV	AR
CLN6	AR
BMS1	AD
HJCD	AR
ERCC8	AR
PEX7	AR
DDX58	AD
RSPO2	AR
SYNE2	AD
REST	AD
MERTK	AR
RPGR	XL,XLR
VSPA	XLR
CDSN	AR,AD
INPP5K	AR
CLCNKB	AR
OFC1	AD
NYX	XLR
NDUFS2	AR
PLSA1	AD
PROSC	AR
AMELX	XLD
ARSA	AR
RERE	AD
CDC73	AD
CECR	AD
TUBA1A	AD
SARS	AR
MCM8	AR
NDNC9	AR
ITK	AR
GD5	AD
PRUNE1	AR
A2M	AD
SLC45A2	AR
CAVIN1	AR
CPN1	AR
DFNB14	AR
PTOS1	AD
SLC25A15	AR
TP63	AD
ED1	XLR
CND	XL
HGSNAT	AR
NANS	AR
PADI3	AR
AUTS2	AD
DONSON	AR
DYT17	AR
ASAH1	AR
SLC6A20	AD,AR
RDH5	AD
C1QC	AR
RFH1	AD
ESPN	AR
TRIT1	AR
TAB2	AD
FOXO1	U
LNPK	AR
COL12A1	AD
FOXI1	AR
MTTH	U
VPS37A	AR
LZTFL1	AR
REPS1	AR
PLAGL1	AD
TCTN1	AR
TGIF1	AD
FKRP	AR
HTR2A	AD
SPTBN2	AR,AD
DIABLO	AD
COX8A	AR
HOXB1	AR
PDYN	AD
DCHS1	AD,AR
TPI1	AR
DSG4	AR
DDOST	AR
OTOA	AR
HPGD	AR
TTC8	AR
ARMC4	AR
EPS8	AR
APMR1	AR
IDDM1	AR
OHDS	AD
SIN3A	AD
DYX8	AD
GSC	AR
CTAA2	AD
GABRB2	AD
LDHA	AR
STRA6	AR
KCNQ1	AD,AR
ERLIN1	AR
RAG1	AR
MRT35	AR
CCDC47	AR
CSF1R	AD
DPM2	AR
BMP2	AD,AR
IRNAR2	AR
NUDT15	AD
SH2D1A	XLR
AP4B1	AR
SPG14	AR
HAMP	AR
KIDINS220	AD
MYP7	U
DLX3	AD
CCCSX	XLR
STIM1	AD,AR
DFNB32	AR
TOE1	AR
KRT1	AD
FARS2	AR
LYST	AR
FAM126A	AR
FGB	AR
SYT14	AR
FRZB	U
SCZD11	AD
COX20	AR
CALR	AD
GYS2	AR
PPKP1B	AD
FBXL4	AR
FCP1	XL
NDN	AD
AMER1	XLD
ETV6	AD
POLA1	XLR
GDF6	AD,AR
HRPT2	AD
ETL4	AD
CA4	AD
ADD1	U
ANGPTL3	AR
KRT14	AD,AR
SARS2	AR
SPG24	AR
DFNB46	AR
COL7A1	AR,AD
CCDC88A	AR
PARN	AD,AR
GFND1	AD
CAD	AR
CDK5RAP2	AR
FBLN5	AR,AD
KMT2D	AD
PITX2	AD
TRIOBP	AR
AHSG	AR
CYP11B2	AD,AR
IRF2BPL	AD
DYS	AR
IFT122	AR
HLA-DRB1	AD
PYGL	AR
ARF1	AD
BRAF	AD
ANTXR1	AR,AD
FRDA2	AR
ATX2	AD
ABL1	AD
AMN	AR
IBD21	AD
CIB2	AR
CIC	AD
RBMX	XLR
CCM2	AD
ECT	U
PDE4D	AD
GSS	AR
PBLT	U
KYNU	AR
IRS2	AD
KCNA4	AR
HTRA2	AR
CFSS	XLD
GLI2	AD
ATP5F1A	AR
G6PC3	AR
APOE	AD,AR
DGUOK	AR
PMPCB	AR
OTOF	AR
AFF2	XLR
BDNF	AD
PSA	AD
RAF1	AD
CRYGB	AD
KONDS	AR
FIBP	AR
MASP1	AR
RELB	AR
LYRM7	AR
KIAA0753	AR
IGBP1	XLR
GPR101	XL
AP4E1	AR,AD
CD27	AR
NR2F1	AD
SM1	AD
EVC	AD,AR
TNFRSF11A	AD,AR
UPF3B	XLR
RC14S	U
VPS11	AR
SYP	XLR
DDX11	AR
SLC1A2	AD
CAMPD1	AD
TFR2	AR
KIF4A	XLR
DPAGT1	AR
YAP1	AD
MCM2	AD
COQ9	AR
CTSD	AR
VPS13D	AR
KHK	AR
MPV17	AR
DMLX2	AD
DSG1	AD,AR
MNX1	AD
TG	AR
WT3	AD
UVSSA	AR
RAC1	AD
SMARCB1	AD
P3H2	AR
CYP11B1	AD,AR
ZNF423	AD
SMAD6	AD
MYH3	AD
RLS1	AD
HNF1B	AD
MIPEP	AR
CLPP	AR
PIGL	AR
CPT1C	AD
SPATA16	AR
ALDH7A1	AR
WISP3	AR
LOAS	XL
UNC45B	AD
RBP3	AR
PEX10	AR
PROC	AR,AD
LRMDA	AR
ANK3	AR
GPI	AR
SC5DL	AR
ATG5	AR
NKX3-2	AR
PTRH2	AR
MID1	XLR
RPE65	AR
SCN1A	AD
TTID	AD
AOMS2	AD
NAGS	AR
FOXP1	AD
PNPO	AR
GABRG2	AD
ECTD6	AR
MTND5	AR
ISPD	AR
APOL2	AD
CLLS2	AD
RIN2	AR
RIPPLY2	AR
ACRPV	AD
KIF14	AR
TSHZ1	AD
CNGB3	AR
SLC6A8	XLR
EPHX2	AD
AMHR2	AR
SULT2B1	AR
HCCS	XLD
ROR2	AD,AR
ATXN3	AD
PEX2	AR
PSAT1	AR
ORAI1	AD,AR
PPR1	AD
CNGA3	AR
AIH3	XL
EPM2A	AR
NYS4	AD
MAP3K7	AD
TULP1	AR
SGCG	AR
LIAS	AR
MHS4	AD
DYT15	AD
TRPC3	AD
TOR1AIP1	AR
ZIC1	AD
C1QA	AR
MYOC	AD
CLPB	AR
ST3GAL3	AR
KRT2	AD
NNT	AR
DHTKD1	AD,AR
SLC25A26	AR
TBP	AD
RPL15	AD
TAZ	XLR
OGT	XLR
WHRN	AR
ADCK4	AR
GBE1	AR
DCPS	AR
ASNS	AR
RRM2B	AD,AR
RAD51	AD
SRXX2	AD
FLNB	AD,AR
SMOH	U
GIPC3	AR
SLC19A3	AR
MTCO3	AR
PDE8B	AD
OPN1SW	AD
SPTA1	AR,AD
MS4A1	AR
C16ORF57	AR
ACP5	AR
MUC1	AD
POLG	AR,AD
VUR	AD
PLAA	AR
NTRK1	AD,AR
LMBRD1	AR
SNX14	AR
GNRHR	AR
SMN2	AR
FXYD2	AD
MBS3	AD
AGT	AR
FANCE	AR
PMPCA	AR
AMPD1	AR
PAX6	AD
LIPE	AR
SUMF1	AR
SRCAP	AD
ATP2B2	AR
APCDD1	AD
SLC30A10	AR
AK1	AR
SLC12A5	AD,AR
TICAM1	AD
IBA57	AR
DAB1	AD
FBXO11	AD
SLC2A10	AR
CCDC111	AD
DRD5	AD
DNAJB11	AD
TUBB3	AD
SHPK	AR
RPS10	AD
HTC2	XLD
CRY1	AD
DDD3	AD
EIF2B4	AR
TAF2	AR
GPX1	AR
TCIRG1	AR
EIF2S3	XLR
HYSP3	AD
CHF	AR
MGR3	AD
PDB4	AD
PREPL	AR
PIGC	AR
CTRC	AD
ATP6B1	AR
ACF	AD
SLC35C1	AR
OTSC3	AD
WASP	XLR
KLKB1	AR
CASQ1	AD
HARS	AR,AD
AP1S2	XLR
DFNB13	AR
DYNC1H1	AD
GFI1	AD
TERC	AD
AIP	AD
CHRNB1	AR,AD
SPRY4	AD
COL9A3	AD
C1NH	AD
MTFMT	AR
DOCK8	AR
KLHL7	AR,AD
PEX6	AR
ADAMTS17	AR
KLC2	AR
POMP	AD,AR
FSHR	AR,AD
JAK2	AR,AD
ACE	AR
MYO5B	AR
MC4R	AD
IRF6	AD
WDPCP	AR
CD59	AR
CHCHD10	AD
USH1E	AR
PDE6C	AR
KDM1A	AD
COX6A1	AR
KCNA5	AD
RTEL1	AD
CAMK2B	AD
HYT5	U
ESR1	AD,AR
SPGF2	AD
KIAA0226	AR
CC2D2A	AR
BTNL2	AD
MRXSMP	XLR
MPD3	AD
SCN2A	AD
MRXS12	XL
CST3	AD
TSG101	AD
HLA-DQA1	AR
HES7	AR
DSE	AR
PRS	XLR
SSR4	XLR
IGF2R	U
MRAP	AR
IBD3	AD
HADHB	AR
SIM1	AD
HBB	AR,AD
NCF1	AR
HPC3	U
IMPG1	AD
UBB	AD
FANCM	AR
NEXMIF	XLD
MMP13	AR,AD
GMNN	AD
SCN1B	AD,AR
GRM6	AR
BOLA3	AR
SLC35A2	XLD
CSTB	AR
TP53	AR,AD
ALDH2	AD
SMARCE1	AD
USH2A	AR
PIGV	AR
GFI1B	AD
CMM	AD
ATP6B1B2	AD
ASXL1	AD
ATP2A2	AD
BEST1	AD
TAF4B	AR
CYP2C9	AD
GPDS1	AD
GLC3B	AR
KRT18	U
TRICY1	AD
SYN2	AD
CTNNB1	AD
KTCN5	AD
CHST14	AR
PPIB	AR
RHOH	AR
MAPKAPK3	AD
NIN	AR
PMM2	AR
BPTF	AD
SCARF2	AR
HGD	AR
MYOZ2	AD
SCN5A	AR,AD
ADGRG6	AR
CVMRF	XLR
PRKCSH	AD
MEHMO	XLR
CAV3	AD
C1S	AD
SMARCAL1	AR
HPLH1	AR
SLC16A12	AD
C21ORF59	AR
SCA32	AD
DACT1	AD
TSFM	AR
G6B	AR
MAF	AD
CRYBB1	AD
MLF1	AD
MEF2A	AD
ADAM10	AD
ECEL1	AR
CDMP1	AR
UCP2	AD
PIGY	AR
SDHB	AD
ZNF141	AR
NALCN	AR,AD
PHA2A	AD
CYP1B1	AR
SCAR3	AR
TLK2	AD
COL4A2	AD
GUCY1A3	AR
BMP15	XL
MCC	U
IQCB1	AR
TPM3	AD
RAD51C	AR
PDGFB	AD
TAF13	AR
ARMC5	AD
MAG	AR
FN1	AD
SPDT	AD
SET	AD
GTF2E2	AR
TINF2	AD
ASL	AR
MYO9A	AR
ZMPSTE24	AR
TNNI3K	AD
EPRS	AR
PAX3	AD
TAC3R	AR
BCL11A	AD
GDF5	AD,AR
SHFM2	XL
SHH	AD
LRRC50	AR
SCASI	AR
PSMB8	AR
NDST1	AR
LRP5	AD,AR
KRT6B	AD
GFAP	AD
ABHD12	AR
AGTR1	AR
RJBS	AR
SLSN3	AR
KRT25	AR
SCAX5	XLR
NSD1	AD
COL3A1	AD
HLA-B	U
PRKCH	U
WDR45B	AR
MTNR1B	AD
ADAM17	AR
DHCR7	AR
FRMPD4	XL
SPRY2	AD
GJC2	AR,AD
PTPN22	AR,AD
PIGH	AR
VVS	AD
GRIN2B	AD
NMNAT1	AR
SGPL1	AR
NUP214	AD
DENND5A	AR
LINGO1	AR
EXT2	AD,AR
ALDH1A3	AR
FBN2	AD
ANOS1	XLR
PC1	AR
ADGRG1	AR
TLE6	AR
NHLRC2	AR
DIH1	U
SPTBN4	AR
RET	AD
VAMP1	AR,AD
SERPINH1	AR
HPS5	AR
NUP160	AR
TRIM2	AR
TUBB6	AD
TBX4	AD
MFF	AR
SLC29A3	AR
PAX2	AD
NDUFA11	AR
TSHR	AD,AR
TMEM173	AD
COMT	AD
TELO2	AR
HPD	AD,AR
SPG21	AR
COX7B	XLD
ADAMTS2	AR
NEXN	AD
FCGR3A	AR
GJA8	AD
CHRND	AR,AD
EIF2AK3	AR
NSMF	AD
CHRNE	AR,AD
RHO	AD
PTHB1	AR
SMOC2	AR
BCAP31	XLR
DUOX2	AR
LRSAM1	AD
MCT8	XL
DEPDC5	AD
CACNA1B	AD
MRX89	XLD
RHOBTB2	AD
NTRK2	AD
CEP290	AR
ABCG8	AR
MYBPC1	AR,AD
AKAP10	AD
PANK2	AR
ETHE1	AR
STAG1	AD
PLCB4	AD
HYPT9	AR
TMEM94	AR
DFNB26	AR
CHST11	AR
MDH2	AR
BCL10	AR
POMGNT2	AR
CD164	AD
EIG3	AR
PHACTR1	AD
ALDH4A1	AR
BSCL2	AR,AD
EDA	XLD,XLR
LTBP3	AR,AD
CATSPER2	AR
IMPA1	AR
CDK5	AR
MAPT	AD,AR
LRP6	AD
MCM6	AD
MAFD2	XL
B3GAT3	AR
KRT6A	AD
LAMA2	AR
ARL13B	AR
KCNB1	AD
TUBG1	AD
IRF7	AR
PRLR	AD
SAC	AD
MITF	AD,AR
C12ORF62	AR
TCF12	AD
WT1	AD
DTNA	AD
GRN	AD,AR
SEPSECS	AR
AARS2	AR
STX1B	AD
MYH14	AD
JAGN1	AR
YY1	AD
L1CAM	XLR
GER	AD
CD36	AR
RPS28	AD
SDHD	AD,AR
HAGH	AD
PRKG1	AD
ACTG2	AD
NIPA1	AD
MLH1	AR,AD
SOX17	AD
UCP1	AD
GATA3	AD
MED23	AR
PRDM12	AR
TBX21	AR
GRHPR	AR
TMEM138	AR
PCDH12	AR
MYH2	AD
IRF8	AD,AR
MCCC2	AR
AUTS4	AD
GNAO1	AD
KCTD1	AD
WDR11	AD
MYP19	AD
UBQLN2	XLD
TUBB4A	AD
DFNA24	AD
PLK4	AR
ACACA	AR
KCNC3	AD
NOL3	AD
RMRP	AR
SLI2	U
TYROBP	AR
HERC2	AR
BRWD3	XLR
ATX1	AD
HPC6	U
CHD1	AD
SRC	AD
SLC39A4	AR
FREM2	AR
SMCHD1	AD
DNAJC6	AR
TERT	AD
ARID1B	AD
PARK2	AR
GEMIN4	AR
RBM20	AD
MPL	AR,AD
UQCC3	AR
FBLN1	AD
NECTIN4	AR
RNASEH2B	AR
ENAM	AD,AR
NRIP1	AD
PTPRQ	AR,AD
ATXN7	AD
PLCD1	AD
TRMU	AR
ELMOD3	AR
TFAM	AR
TRIO	AD
IL11RA	AR
CRTAP	AR
PRPF6	AD
ADAMTS10	AR
STBMS1	U
PKP2	AD
OCA5	AR
MRX50	XL
RD3	AR
PLAG1	U
MKS	AR
MARS	AR,AD
ANIB3	AD
BBS4	AR
NR1H4	AR
P5CDH	AR
CHST3	AR
ADAT3	AR
KAT6B	AD
MPIG6B	AR
AKR1C4	AR
CPAMD8	AR
NLRC4	AD
ERCC6	AR,AD
COL17A2	AR
MYP2	AD
KRIT1	AD
HHT4	AD
DMXL2	AD,AR
SLC22A1L	AD
DFNA58	AD
MST1R	AD
CPA6	AD,AR
DFNA52	AD
MRX81	XLR
ELMO2	AR
JAM3	AR
MYP17	AD
SALL2	AR
WDFY3	AD
HNRNPH2	XLD
SPG16	XLR
CD40LG	XLR
MYLK	AD
VAMAS6	U
LMOD3	AR
GPC6	AR
MAN1B1	AR
MRD2	AD
BBIP1	AR
CDT1	AR
PFHB2	AD
TRPS2	AD
ENG	AD
SLC9A6	XLD
KIF2A	AD
CEBPA	AD
PTRF	AR
POF1B	XLR
LRSL	U
SMOC1	AR
CYBB	XLR
DFNA21	AD
SEC61A1	AD
WDR60	AR
ALOX5	AD
NFU1	AR
NDUFAF2	AR
CDC6	AR
PDE6G	AR
HPC4	U
UFSP2	AD
PAPSS2	AR
SRXX3	XLD
THCYTX	XLR
SPG37	AD
DFNB17	AR
SNCA	AD
SLC18A2	AR
ERBB4	AD
F13B	AR
KCNE2	AD
RARB	AD
CACNA1G	AD
GHRL	AD
PAX8	AD
KIF1C	AR
FUZ	AD
KIT	AD
TACSTD2	AR
RAB11B	AD
CEP55	AR
CRAT	AR
KAOGS	AD
MCOPS8	AD
DPY19L2	AR
ADCY1	AR
JBS	U
DARS	AR
PCK1	AR
HPSE2	AR
AGK	AR
GSTZ1	AR
C5	AD
CEP164	AR
GATA6	AD
PLP1	XLR
EDARADD	AD,AR
MAB21L2	AD
CHI3L1	AD
LEMD2	AR
COL25A1	AR
IL7R	AR
DNAJB6	AD
VANGL2	AD
SIX1	AD
IFT52	AR
PHOX2A	AR
PTPRC	AR
CWC27	AR
MTAP6	U
KLHL10	AD
ITGA6	AR
DTNBP1	AR
SOS2	AD
AIFM1	XLR
CLIC5	AR
EPOR	AD
SPG32	AR
RAD21	AR,AD
COLQ	AR
KCNE1	AR,AD
HPS3	AR
SCO2	AD,AR
ZBTB42	AR
ADAMTS18	AR
DCLRE1C	AR
PROKR2	AD
HPC5	U
DHDDS	AR,AD
FGF12	AD
NAXD	AR
SYNE4	AR
MHS2	AD
KRT4	AD
SNRPN	AD
NYS7	AD
IL17RD	AD
TALDO1	AR
COL18A1	AR
PRX	AR,AD
PACS1	AD
SNIP1	AR
HSD17B4	AR
CDHR1	AR
CRYAB	AD,AR
B4GALT1	AR
SLC4A4	AR
LEMD3	AD
ALOX5AP	U
SYNGAP1	AD
SYNE1	AR,AD
F8	XLR
ATXN8OS	AD
RORA	AD
IL2RA	AR
KCNQ4	AD
ARX	XL,XLR
TAF1	XLR
INPPL1	AR
LARGE	AR
SYT2	AD
QARS	AR
ARG1	AR
GLYCTK	AR
FASTKD2	AR
PIK3R2	AD
TMCO1	AR
NDUFAF3	AR
NPPA	AD,AR
SLC30A2	AD
FOXP3	AR,XLR
LEP	AR
TBX15	AR
NR0B1	XLR,XL
ECM1	AR
PEX12	AR
FGF5	AR
AEBP1	AR
MCM4	AR
NAGA	AR
CDH3	AR
SYNJ1	AR
SLC35A1	AR
MYC	U
ARCN1	AD
MEGF10	AR
LAS1L	XLR
PVRL4	AR
TTC25	AR
BAP1	AD
SLC25A13	AR
FOXC2	AD
ABCA4	AR,AD
B4GAT1	AR
TUBB	AD
TNNT1	AR
MRT24	AR
LRAT	AR
CLN8	AR
CYP4V2	AR
KTCN6	AD
AP5Z1	AR
TBCD	AR
POMK	AR
FBXO31	AR
MSMO1	AR
ARCI7	AR
CTLA4	AD
KIAA0586	AR
ABCB4	AD,AR
PNP	AR
MYO15A	AR
DYX1C1	AR
FBXO7	AR
BBS7	AR
CCND1	AD
COA5	AR
KLHL41	AR
CACD1	AD
MIR204	AD
CRYBB2	AD
HEATR2	AR
RBBP8	AR
KCNJ6	AD
OTSC1	AD
KCNT2	AD
RA	U
KRT86	AD
TCHH	AR
MLYCD	AR
PRKACA	AD
ALMS1	AR
TRAPPC6B	AR
ADNP	AD
TBK1	AD
ACTB	AD
ARNT2	AR
WNT7A	AR
EIF4A3	AR
DYNC2LI1	AR
KCNH1	AD
RPS26	AD
PHOX2B	AD
TSPEAR	AR
TNNI3	AD,AR
ZBTB20	AD
RPL27	AD
ROBO3	AR
MTTP	AR,AD
GRIA3	XLR
MHC2TA	AR
RFX5	AR
CBS	AR
FGD1	XLR
SHOC2	AD
PLCZ1	AR
DFCTRPS	XLR
CA2	AR
MJD	AD
NME1	AD
GLI3	AD,AR
PTDSS1	AD
CRB1	AR,AD
IL2RG	XLR
ALG12	AR
SLC20A2	AD
BBS10	AR
HYT6	U
BBS12	AR
MTAP	AD
POGZ	AD
WAS	XLR
ATN1	AD
MORC2	AD
CHD7	AD
SPART	AR
MOCS1	AR
ALPK3	AR
SGCB	AR
NSUN2	AR
PLOD1	AR
PRKN	AR
DFNA49	AD
AIMP1	AR
PCDH19	XL
IL13	AD
MYH6	AD
GATAD1	AR
RBPJ	AD
TECRL	AR
THAP1	AD
VAPB	AD
IGF1	AR
TRAF3IP2	AR
CHIT1	AR
CANT1	AR
FANCL	AR
IGF2BP2	AD
BLK	AD
KRT10	AD
B3GNT1	AR
NR3C2	AD
PLN	AD
POMGNT1	AR
ANIB1	AD
OSMR	AD
GLA	XL
JAK3	AR
ITGA3	AR
TCF3	AD
KCTD17	AD
SLC5A2	AD
SNAP29	AR
MRPS7	AR
NFKBIL1	U
TUBA4A	AD
LECD	XLD
ALG2	AR
LARGE1	AR
EPB41L1	AD
AGXT2	AR
GLRA1	AD
B2M	AD,AR
FAR1	AR
DFNB65	AR
ATCAY	AR
LAT	AR
EA3	AD
TDO2	AR
RAB18	AR
SZT2	AR
PCLO	AR
MIR184	AD
FAME4	AD
TMC1	AR,AD
ETFDH	AR
NBAS	AR
IYD	AR
MPZ	AD,AR
MUT	AR
PADI4	U
BCHE	AR
HECW2	AD
RFWD3	AR
COG6	AR
TACO1	AR
GABRA1	AD
P3H1	AR
PTPN12	U
MRT19	AR
CITED2	AD
CDCA7	AR
NTHL1	AR
ISG15	AR
PTGIS	U
KNG1	AR
SCZD6	AD
PLEC	AD,AR
ANKH	AD
HYPT10	AR
STUB1	AR,AD
TSGA10	AR
ZNF711	XL
OTOGL	AR
ALG11	AR
COL6A3	AR,AD
NOS2	U
INS	AD
SERPINC1	AD
FSIP2	AR
CLN2	AR
IL21	AR
RFT1	AR
CYP21A2	AR
B9D2	AR
SLURP1	AR
HTRA1	AD,AR
XIAP	XLR
LARS	AR
RAG2	AR
FAT2	AD
LCAT	AR
MYO5A	AR
SLX4	AR
GNMT	AR
MRT10	AR
CRYBA1	AD
EHMT1	AD
SLC9A3R1	AD
WBP2	AR
PGAP3	AR
IGHM	AR
ERGIC1	AR
THRB	AD,AR
PVRL1	AR
TRIM37	AR
SPG19	AD
LDB3	AD
NIDDM4	AD
AOMS1	AD
CORD8	AR
MTTK	AR
HRAS	AD
ATP1A2	AD
FGF17	AD
SLC17A3	AD
GTPBP2	AR
GLC1C	AD
ADRA2B	AD
ZFYVE27	AD
CHRNA1	AD,AR
CD8A	AR
MFSD8	AR
PADI6	AR
WFS1	AD,AR
CYC1	AR
SCNN1B	AD,AR
PJVK	AR
GNAQ	AD
SFTPB	AR
PTOS2	XLD
TRPS1	AD
TPM2	AD
B3GALT6	AR
SHFM1	AD
DUPC1	AD
KIF22	AD
FCGR2A	AD,AR
SETD5	AD
GNAT1	AR,AD
SLC45A1	AR
AIRE	AR
RPS6KA3	XLD
HSCR5	AD
NAA10	XLR,XL
PIK3R1	AD,AR
TGFB3	AD
FXN	AR
MYP3	AD
TUPLE1	AD
FZD6	AR
ABCD4	AR
CAPN5	AD
GCLC	AR
MTM1	XLR
VARS2	AR
AXIN2	AD
FTL	AD
CEACAM16	AD
UBR1	AR
CFHR1	AD,AR
PPP2R2B	AD
USH1K	AR
HLXB9	AD
CEP83	AR
AP4S1	AR
HINT1	AR
INTU	AR
PURA	AD
MECR	AR
HEXB	AR
MMAA	AR
DFNB62	AR
AGC1	AD
KCNJ2	AD
CASP8	AD,AR
MYPN	AD,AR
PLPBP	AR
PPARGC1B	AD
MYORG	AR
PRRT2	AD
RNF170	AD
FLVCR2	AR
CASP14	AR
PLG	AR
ASS	AR
LCS1	AR
COL11A2	AR,AD
FLJ90130	AR
ECHS1	AR
PRKCG	AD
GINS1	AR
CACNA1D	AD,AR
DHODH	AR
ADCY6	AR
PHYH	AR
PQBP1	XLR
HFM1	AR
CHM	XLR,XLD
RAB3GAP1	AR
FLCN	AD
EFEMP2	AR
CHS1	AR
TMEM199	AR
DNMT1	AD
MALT1	AR
FSHD1	AD
SMS	XLR
SLC6A17	AR
EEF2	AD
CABP2	AR
NR5A1	AD
MSH6	AR,AD
AD10	AD
FGFR3	AD
A2ML1	AD
WRN	AR
CD3E	AR
PROP1	AR
DIAPH1	AR,AD
DSC3	AR
SPG38	AD
CENPE	AR
PDX1	AD,AR
SATB2	AD
COA3	AR
PDE6B	AR,AD
GP1BA	AR,AD
CLTC	AD
HRG	AD
TUSC3	AR
ODC1	U
TRIP13	AR
IKBKAP	AR
POROK2	AD
CHKB	AR
VPS13A	AR
SLC38A8	AR
C12orf57	AR
ATL3	AD
GPIHBP1	AR
MRT23	AR
EXOSC9	AR
TENM3	AR
CFH	AD,AR
PIEZO1	AR,AD
ADGRE2	AD
PBCRA1	AD
ZFHX4	AD
VCAN	AD
PTGER2	AR
FREM1	AR,AD
RDX	AR
PIP5K3	AD
VIPAR	AR
TACR3	AR
MGR1	AD
SLC25A20	AR
PYCR2	AR
KCNMA1	AD,AR
SPG4	AD
SLC39A13	AR
SCP2	AR
ATFB1	AD
CTNS	AR
GATA1	XLR
RFXANK	AR
NDE1	AR
UBIAD1	AD
PCOS1	AD
AIMP2	AR
BCMO1	AD
NCAPD2	AR
MEIOB	AR
HTR1A	AD
XECD	XLD
EIF2B2	AR
LAMB1	AR
DDH1	U
TMEM216	AR
PCK2	AR
DPM1	AR
MDRV	AD
CPLX1	AR
NRXN1	AR
C1R	AD
RPS24	AD
C4orf26	AR
DHX30	AD
MGR5	AD
MYSM1	AR
NPHS2	AR
MRX95	XLD
KRT8	U
FRIASS	AD
DLG3	XLR
KRT17	AD
CEL	AD
DDHD1	AR
SLC12A1	AR
PRDM16	AD
ACTN2	AD
TMEM127	AD
RS1	XLR
SRP72	AD
COL4A3	AR,AD
COX4I2	AR
PRKACG	AR
SLC13A5	AR
PIK3CA	AD
SBF1	AR
EDAR	AD,AR
MYBPC3	AD
DNAJC5	AD
SMAR	AR
KDSR	AR
CHST8	AR
PTEN	AD,AR
PTF1A	AR
ATP5A1	AR
NKX2-5	AD
ERMARD	AD
EIF2B5	AR
SLC39A8	AR
PIH1D3	XLR
RXYLT1	AR
LRBA	AR
RPGRIP1L	AR
EFNB1	XLD
EA8	AD
CFI	AR,AD
BZX	XLD
NDUFS8	AR
PYGM	AR
CHRNG	AR
CSRP3	AD
KIAA0442	AD
PTPN1	AD
MRE11A	AR
OCRL	XLR
MBS1	AD
AMT	AR
COG4	AD,AR
EFTUD2	AD
MYL4	AD
FOXE1	AD,AR
C4A	AR
FAM123B	XLD
ACSL4	XLD
GALK1	AR
MSR1	U
UCP3	AD
ATP11C	XLR
CUL3	AD
SLC1A4	AR
BCR	U
NARS2	AR
ORC6	AR
OMS	AD
THOC2	XLR
NAXE	AR
C1QTNF5	AD
INSL3	AD
EARS2	AR
MUC5B	AD
ETL6	AD
MAP3K8	U
CLIC2	XLR
SIGMAR1	AR
EDC3	AR
TP73L	AD
MCOR	AD
TNFRSF5	AR
LIM2	AR
GPD2	AD
SEMA3E	AD
DNAJB2	AR
UNC119	AD
TMPRSS6	AR
P2RY12	AR
CRB2	AR
MPZL2	AR
CHDT3	AD
KISS1	AR
MTND4	U
HMPS1	AD
GGT1	AR
CAV1	AD
ACAD9	AR
EPHB4	AD
XYLT2	AR
ADAR	AR,AD
CTSF	AR
ITPR3	AR
BRF1	AR
PHIP	AD
GLDN	AR
DCDC2	AR
OPA1	AD,AR
NONO	XL
LKMCD	XLR
ATP6V0A2	AR
IGAN1	AD
POMC	AD,AR
GP1BB	AR
COL4A3BP	AD
TNFSF6	AD
GABRB1	AD
DOCK3	AR
PLEKHM1	AR,AD
TEMPS	AD
TWIST	AD
NIPAL4	AR
GPD1	AR
NAT2	AR
AGL	AR
DFNA7	AD
ADPRHL2	AR
FHII	AD
ELOVL4	AR,AD
MTND3	AR
MSTO1	AR
CHMP4B	AD
CUBN	AR
PVOP1	AD
PSEN1	AD
AGTPBP1	AR
TCTN2	AR
PRG4	AR
ADA	AR
HMGB3	XL
MRPS22	AR
OTSC8	AD
CLDN10	AR
CCNK	AD
ALAS2	XL,XLR
OPN1LW	XLR,XL
PRKDC	AR
WASHC5	AR,AD
ATPAF2	AR
DFNM1	AD
CSNK2A1	AD
DEPDC	AD
ZNF408	AR,AD
WWOX	AR
TMEM106B	AD
DFNB83	AR
SLC16A1	AD
CFL2	AR
MTND2	AR
SFTPC	AD
SMARCAD1	AD
COL13A1	AR
OTDD	AD
DDR2	AD,AR
HSPB3	AD
PRKRA	AR
ZNF41	XLD
ANKLE2	AR
HTGH	AR
GK	XLR
ACADVL	AR
MRX2	XL
PLAU	AD
TREX1	AR,AD
COL5A1	AD
DFNA48	AD
CHIC2	AD
YWHAG	AD
KLF6	U
PIEZO2	AD,AR
ATP5F1D	AR
ASCL1	AD
NUP37	AR
PRSS12	AR
TNNC1	AD
SUFU	AD,AR
CACNA1C	AD
NHS	XL,XLD
DPP6	AD
TFAP2A	AD
MCM3AP	AR
DCC	AD,AR
TCAP	AD,AR
UBTF	AD
GJB4	AD
PTCH1	AD
YY1AP1	AR
KIZ	AR
WT4	AD
MTMR2	AR
SPRED1	AD
INF2	AD
LIPI	AD
FA2H	AR
PEE1	AD
LARP7	AR
TIA1	AD
PLCB1	AR
NBEAL2	AR
IKZF1	AD
SDC3	AD
ABCG5	AR
PNKD	AD
GRM1	AR,AD
TAPT1	AR
GAB1	AR
CPO	AD
GYS1	AR
PNKD2	AD
HJV	AR
GPR88	AR
LIPA	AR
NDUFB9	AR
HIVEP2	AD
AMPD2	AR
AICDA	AR
CCA1	AD
CRYAA	AD
STS	XLR
BIN1	AR
FANCD2	AR
DFNB45	AR
HRM2	AD
CDC45	AR
RWS	AD
TAPBP	AR
USP18	AR
LAMTOR2	AR
ING1	AR
PRICKLE1	AR
TBL1XR1	AD
HARS2	AR
CAPN1	AR
MRXSBWB	XLR
ATP8A2	AR
MTTQ	U
TMEM16E	AR
KCNQ1OT1	AD
IGSF1	XLR
SF3B4	AD
GPHN	AR
COL9A1	AD
IL36RN	AR
TSEN15	AR
TBCE	AR
RFX6	AR
NEU1	AR
SMIM1	AR
GNPTG	AR
LYZ	AD
AGXT	AR
RIEG2	AD
CC2D1A	AR
ZNF81	XL
JUP	AR,AD
SPINK1	AD
FAM83H	AD
ATIC	AR
TNNI2	AD
RNF6	U
HYDIN	AR
COQ8A	AR
CEP135	AR
DGKE	AR
PYROXD1	AR
DNAH1	AR
POU4F3	AD
ADAMTSL4	AR
BCO1	AD
AUH	AR
RHAG	AD
NFIB	AD
DNAH9	AR
NOS1	AD
TMEM260	AR
PDE6H	AD
NDNC7	AD
SLC4A1	AR,AD
SCA18	AD
TBX5	AD
GABRA2	U
KCNN4	AD
DHFR	AR
MVK	AR,AD
PNLIP	AR
ARSG	AR
FDXR	AR
EDNRA	AD
EYA4	AD
LZTR1	AD,AR
CTDP1	AR
PTPN11	AD
GJA12	AR
IFIH1	AD
COA6	AR
RARS2	AR
HSPB8	AD
BEAN1	AD
MARK3	AR
CD55	AR
CACNG2	AD
CD82	U
CD191	AR
MEN1	AD
ITGA8	AR
FLG	AD
NEFL	AD
IFT57	AR
NPC1	AR
PDSS1	AR
ABHD5	AR
TBCK	AR
MRX14	XL
AUTS3	U
MRPL44	AR
CLRN1	AR
KTCN7	AD
ALG1	AR
IMPG2	AR,AD
CEP19	AR
NFIX	AD
SLC1A3	AD
AGRP	AD
MCCC1	AR
ODAPH	AR
GNRH1	AR
DNAJB13	AR
KMT2B	AD
PMP2	AD
APOA1	AD
CDKN1B	AD
INPP5E	AR
MMVP1	AD
MLSM7	AR
LCK	AR
CAPN3	AR,AD
DDB2	AR
CCNO	AR
NFKBIA	AD
TITF1	AD
MAST1	AD
CA8	AR
DFNB96	AR
GPR126	AR
CWF19L1	AR
NEDD4L	AD
ALS3	AD
PLA2G5	AR
CTC1	AR
TBC1D23	AR
TMLHE	XLR
C5ORF42	AR
ME2	AD
MRT30	AR
NR0B2	AD
MRT33	AR
CHEK2	AR,AD
ARL6IP1	AR
CDK6	AR
GZF1	AR
GABRD	AD
ACER3	AR
RBM8A	AR
GORAB	AR
ANO6	AR
CD81	AR
SPARC	AR
SPG25	AR
FCGR2B	AD
EPB41	AD
DDX41	AD
HMGCL	AR
CUL7	AR
VLDLR	AR
DFNB5	AR
NDUFV2	AR
MPC1	AR
CNNM2	AD
HK1	AR,AD
DFNB33	AR
MED25	AR
TAP1	AR
TRIP11	AR
MRSD	XL
C11orf73	AR
GJB3	AR,AD
L2HGDH	AR
NFE2L2	AD
CORD17	AD
ZNF148	AD
FRMD7	XL
FKBP14	AR
RORC	AR
SLC22A18	AR,AD
PGM3	AR
CYB561	AR
MKRN3	AD
ERCC4	AR
KDR	AD
GDF2	AD
GPR98	AR
NDP	XL,XLR
HPFH2	AD
CDKN1C	AD
DDC	AR
AXIN1	U
DPYD	AR
SGSH	AR
KY	AR
HNF4A	AD
IQSEC2	XLD
ABCA1	AR,AD
ATL1	AD
PPNAD4	AD
OI16	AR
TUFM	AR
LIMS2	AR
PALB2	AD
FECD2	AD
MRXS17	XLR
PIGW	AR
C12orf65	AR
ECTD8	AR
VPS35	AD
DSP	AR,AD
NDUFS7	AR
MRX82	XLR
WEE2	AR
COMP	AD
ACAT2	U
CETP	AD
HERC1	AR
CCDC22	XLR
ZP1	AR
MRT25	AR
HBFQTL2	AD
RSPH1	AR
NDUFS4	AR
MRPS2	AR
SHROOM4	XL
ARVD3	AD
SLC6A1	AD
VANGL1	AD
CDC14A	AR
CLDN16	AR
HSR	AD
PITX1	AD
PTPRZ1	U
TNC	AD
DAOA	AD
MDBS2	AD
BDA1B	AD
ROGDI	AR
TOR1A	AD
SLC52A3	AR
RSPO4	AR
SLC39A5	AD
DOLK	AR
SHFM3	AD
AASS	AR
KIAA1033	AR
KCNV2	AR
OSBPL2	AD
SUCLA2	AR
MAOA	XLR
GAL	AD
KLHDC8B	AR
COL4A1	AD
PFKM	AR
PRRX1	AR
TAP2	AR
ETL3	AD
FGF20	AR
TEAD1	AD
PGM1	AR
FERMT3	AR
DEAF1	AD,AR
CD46	AR
ABCB11	AR
CALCR	AD
DNAH11	AR
FAS	AD
SNAI2	AD,AR
DUSP6	AD
GDF3	AD
PDGFRA	AD
C7orf10	AR
C12orf4	AR
HMGCS2	AR
CFB	AD
PRKAG2	AD
SH3PXD2B	AR
TNNT2	AD
USP27X	XLR
EPHA2	AD
TBC1D24	AR,AD
KMT5B	AD
TCF4	AD
RSPO1	AR
EFL	AR
ITIH4	AD
MYOT	AD
ACAT1	AR
TMEM237	AR
DNAAF3	AR
KCNQ2	AD
ENPP1	AR,AD
DLC1	U
CSPG2	AD
LTC4S	AR
CYP7B1	AR
TMEM240	AD
CCDC174	AR
WDR26	AD
KRT13	AD
DRD4	AD
COLEC10	AR
SGCA	AR
IL10RA	AR
PRKD1	AD
WDR66	AR
FYB	AR
MATR3	AD
OPCML	U
DNAL4	AR
GCM2	AD
FYB1	AR
HTT	AD,AR
RANBP2	AD
DUOXA2	AR
KIAA1279	AR
TFG	AR,AD
CP	AR
YUHAL	AD
PRDM5	AR
KRT9	AD
ERBB3	AR,AD
SLC5A7	AR,AD
VPS13C	AR
NKX2-1	AD
NHLRC1	AR
CTCF	AD
MASTL	AD
LARS2	AR
HSD3B7	AR
TMTC3	AR
BPPV	AD
IGFBP7	AR
PRPF4	AD
SOX18	AR,AD
NLRP12	AD
POLR3B	AR
ADD3	AR
TMC6	AR
HPT	XL
MAFD1	AD
GRIA4	AD
HIKESHI	AR
SAR1B	AR
MRX92	XLR
TRPV4	AD
PRKAR1A	AD
BRAT1	AR
NOP56	AD
PHEX	XLD
TGFB1	AD,AR
NEUROD1	AD
HNRNPA1	AD
MCPH1	AR
PTHLH	AD
UMOD	AD
CABP4	AR
TSC1	AD
GRHL2	AR,AD
IARS	AR
STX16	AD
RECQL4	AR
CGF1	XL
IER3IP1	AR
TRPV3	AD
MTRNR1	U
PNPLA1	AR
RPS15A	AD
CDAGS	AR
C8A	AR
IFT172	AR
ABCC8	AD
PKHD1	AR
ITGA2B	AD,AR
CACNA1F	XLR,XL
DBH	AR
SLC20A	AD
ACADM	AR
HOXD10	AD
TRIM44	AD
ASXL3	AD
PKRL	AR
KCNJ5	AD
CYMD	AD
PLS3	XLD
FAM92A	AR
NDRG1	AR
LPP	AD
FARSB	AR
GJA1	AD,AR
PSNP2	AD
MIP	AD
SPAG1	AR
MINPP1	AD
H6PD	AR
SLC25A4	AD,AR
TREH	AR
LTBP4	AR
BLM	AR
LRRC56	AR
COA7	AR
PRDM8	AR
TXNL4A	AR
DRC1	AR
MYL3	AD
HAL	AR
NIDDM3	AD
PMVK	AD
SC5D	AR
TTPA	AR
IRF1	U
NUP133	AR
PGK1	XLR
TUBB4B	AD
RNASEH2A	AR
SCNN1A	AR,AD
MEFV	AR,AD
CHRDL1	XLR
KL	AR
MCEE	AR
CHD3	AD
TCOF1	AD
MRPS16	AR
ANC	AD
GARS	AD
MTR	AR
TRAPPC9	AR
LDLRAP1	AR
SEC63	AD
FAM65B	AR
ACP2	AR
BFIS1	AD
POC1A	AR
IL10RB	AR
ERCC2	AR
TPM1	AD
SMPD1	AR
LIPN	AR
ERCC3	AR
SLC26A2	AR
PUM1	AD
HPS4	AR
SLC3A1	AD
ATP7A	XLR
MCMDC1	AR
VCL	AD
SIPA1L3	AR
MYH11	AD
CMTX2	XLR
MTP	AR
HFM	AD
SCZD1	AD
ELP4	AD
SERPINB8	AR
CIITA	AR
GPR179	AR
BLVRA	AD
MPDZ	AR
KCNC1	AD
SELE	U
ELN	AD
MED13L	AD
KDF1	AD
NFKB1	AD
SHANK3	AD
SMAD3	AD
MYMY1	AR
TEX14	AR
PLEKHG5	AR
CAMK2A	AR,AD
ABCG2	AD
COQ7	AR
ELP1	AR
CXORF56	XL
FANCC	AR
GLRB	AR
CCDC151	AR
NDUFAF5	AR
SYCP3	AD
GCNT2	AR,AD
OSGEP	AR
MTTE	U
PMP22	AD
ARID1A	AD
PHKA2	XLR
NBN	AR
PRPS1	XLR,XL
MTTC	U
USH3A	AR
FZD4	AD
EMC1	AR
HPRT1	XLR
SCZD2	AD
NIPBL	AD
TSC2	AD
LHX4	AD
EDN3	AD
IFT74	AR
CBFB	AD
WS2B	AD
RP1	AD
SERPINF2	AR
ANKRD26	AD
SIK3	AR
SLFN14	AD
NOTCH1	AD
SCAPER	AR
SKIV2L	AR
UROC1	AR
ENFL2	AD
PKDTS	AD
APC2	AR
SLC52A2	AR
ATXN10	AD
RAB39B	XLR
DFNB40	AR
TBX2	AD
LONP1	AR
DNASE1L3	AR
PACD	AD
CLDN19	AR
OVOL2	AD
TPO	AR
MED17	AR
DNAL1	AR
FGA	AR,AD
COPB2	AR
OFD1	XLR,XLD
CARD14	AD
SPINK2	AR
CUX2	AD
CHRNA2	AD
TRMT5	AR
TMEM231	AR
HPCA	AR
CLPX	AD
TECTA	AR,AD
ATP7B	AR
KRT3	AD
DIS3L2	AR
COL10A1	AD
STIL	AR
ERLIN2	AR
FUT1	AR
CFD	AR
DDHD2	AR
ATP6V1A	AD,AR
GLB	AR
GUCY1A1	AR
ACRPS	AD
PEPD	AR
RNF125	AD
BHLHA9	AR
SPG20	AR
MS4A2	AD
UQCC2	AR
HTC1	AD
AGPAT2	AR
ACP33	AR
ABCA3	AR
KTWS	U
HBG1	AD
KBTBD13	AD
GDF1	AD,AR
HYT1	U
SPG11	AR
PTCH2	AD
SLC25A19	AR
CTNNA3	AD
LINS1	AR
SETD2	AD
TRH	AR
DCN	AD
TRIP4	AR
TNF	AD
SLC25A32	AR
NDUFAF6	AR
NDUFV3	AR
ALX4	AD,AR
FOXN1	AR
TTC37	AR
SLC26A8	AD
NPC2	AR
CCL2	AD
CHRM3	AR
MMVP3	AD
ZFHX2	AD
PPM2C	AR
NOBOX	AD
TSR2	XLR
KIF1A	AR,AD
PCNT2	AR
ENUR1	AD
RDH12	AD
ADH1C	AD
CECR1	AR
GLC1P	AD
C10ORF2	AR,AD
PLOD	AR
CASK	XLD
DFNA51	AD
DOCK2	AR
GCSH	AR
CTNND1	AD
NAGLU	AR,AD
CACNB4	AD
AUTS8	U
C8ORF38	AR
MTCO1	AR
MDCMP	AR
MYP1	XLR
TBC1D7	AR
WDR19	AR
DLEC1	U
BLOC1S6	AR
SMG9	AR
SMO	U
FGF14	AD
PI4KA	AR
VIM	AD
DDH2	AD
MAPRE2	AD
SP110	AR
MBTPS2	XLR
BCL11B	AD
GATA5	AD
BRCA2	AR,AD
CDAN1	AR
ALG8	AD,AR
FAM20A	AR
B3GALNT2	AR
CASQ2	AR
DVL	AD
KIF1BP	AR
SLC11A2	AR
XPA	AR
GLI1	AR
CARD9	AR
FANCB	XLR
MR1	AD
SUCLG1	AR
DYX2	AD
GNA11	AD
FOXRED1	AR
PDHX	AR
VWA3B	AR
NPRL2	AD
NUP155	AR
GJB6	AR,AD
LMPH1B	AD
GATA2	AD
CYP2C	AR
TCF7L2	AD
HOXA11	AD
UNG	AR
SHOX	AR,AD
MAK	AR
CTPS1	AR
MRX88	XL
LPA	AD
CACNA2D4	AR
GNAS1	AD
C15orf41	AR
ZSWIM6	AD
G6PC	AR
FOXP2	AD
SMARCD2	AR
AQP2	AD
AARS	AD,AR
MYRF	AD
LOXHD1	AR
WASHC4	AR
PLIN1	AD
FGFR2	AD
LHFPL5	AR
ASPM	AR
RMND1	AR
KRT74	AD,AR
SAMHD1	AR,AD
PAX9	AD
ORP1	AD
RB1CC1	AD
GNS	AR
ESR2	AD
ITCH	AR
PTLS	U
XDH	AR
ITGA2	AD
ANGPTL4	AD
MCOP1	AR
LRP4	AR,AD
SLC9A3	AR
NLRP7	AR
CHIT	AR
TXNRD2	AR
HMCN1	AD
LZTS1	U
DFNA53	AD
JAG1	AD
RUBCN	AR
IL1RAPL1	XLR
FMO3	AR
APOPT1	AR
PMFBP1	AR
NAFLD2	U
RETREG1	AR
IFNGR1	AD,AR
MENOQ1	XLD
SCN11A	AD
IRS1	AD
DES	AD
BMPER	AR
ALOX12B	AR
PKLR	AD,AR
AVP	AD
MKS1	AR
STRC	AR
SFTPA2	AD
ZNF644	AD
TH	AR
NSDHL	XLR,XLD
PSTPIP1	AD
CCAL1	AD
TBX22	XL
IFT27	AR
PORCN	XLD
ZC4H2	XLR
ECA1	AD
CRIPT	AR
CMD1B	AD
SASS6	AR
COX6B1	AR
BFSP2	AD
TYS	AD
CFHR3	AD,AR
ACKR1	AD,AR
FASLG	AD
CD3G	AR
EMD	XLR
ITGB4	AR,AD
DCR	U
MIFT	AR
MYL2	AD
COL2A1	AD
DLL4	AD
CHD2	AD
TFAP2B	AD
PRSS2	AD
TRPA1	AD
PIGT	AD,AR
CYCS	AD
IARS2	AR
TAT	AR
USH1G	AR
SLC22A4	U
WAC	AD
FLG2	AR
AMPD3	AR
PUS1	AR
AMH	AR
IL10	U
CREBBP	AD
SLC7A9	AD
SLC22A5	AR
ICR1	AD
METTL23	AR
IRF2BP2	AD
STXBP1	AD
IL6	AD,AR
HSD11B1	AD
DFNB51	AR
MEIS2	AD
WDR34	AR
FUCA1	AR
PRPF3	AD
AHI1	AR
SFXN4	AR
KISS1R	AR,AD
SAMD12	AD
AA1	U
BCAM	AR
PBC1	AD
FLT3	AD
LGI1	AD
SPG7	AR
XRCC1	AR
STT3A	AR
KRT71	AD
C5orf42	AR
BICD2	AD
TFRC	AR
GCDH	AR
C12ORF57	AR
NCSTN	AD
OAS1	AR
LOX	AD
NPR2	AR,AD
SIL1	AR
GANAB	AD
SLC7A14	AR
GRIN2A	AD
BBS9	AR
MCM9	AR
ADAMTS13	AR
APOA5	AD
PDE3A	AD
TNFRSF4	AR
KAT6A	AD
HDL3	AR
DRAM2	AR
PHB	AD
CHCHD2	AD
DMP1	AR
RPL18	AD
HPE1	AD
DYSF	AR
COL4A5	XL,XLD
PEX26	AR
SLC24A4	AR
MLC1	AR
BARD1	AD
COL17A1	AR,AD
RPS27	AD
TMEM165	AR
C19ORF12	AR
CASC5	AR
ACOX1	AR
KPTN	AR
ABCB7	XLR
PIP5K1C	AR
AGA	AR
HS6ST1	AD
SNAP25	AD
HNRNPK	AD
PAX1	AR
LPL	AR,AD
MYP18	AR
TCTN3	AR
SLCO1B1	U
LIPC	AR,AD
THPO	AD
ELOVL5	AD
TGFBI	AD
PTHR1	AD,AR
CCDC11	AR
CACNA1H	AD
AKT3	AD
CRYM	AD
ZBTB16	AR
ALDH3A2	AR
ZNF513	AR
FGD4	AR
NUBPL	AR
GALT	AR
EEF1A2	AD
RAX	AR
RCHTS	AR
GMPPA	AR
NEK2	AR
NDUFAF4	AR
HSD11B2	AR
CNBP	AD
VSX1	AD
DGCR2	AD
MICU1	AR
KRT5	AR,AD
SIK1	AD
CDKN2A	AD
ZDHHC15	XLD
PROM1	AR,AD
BRCA1	AR,AD
IRX5	AR
DMGDH	AR
CTSK	AR
NPHP3	AR
NDUFA6	AR
ZNF335	AR
IDS	XLR
PLD3	AD
CSTA	AR
RFXAP	AR
C10ORF11	AR
D2HGDH	AR
AP3D1	AR
ZFYVE26	AR
ETFA	AR
MYP8	U
TM4SF20	AD
CMT2H	AR
IGAD1	AD
MGR4	AD
USB1	AR
FAM134B	AR
MTCO2	AR
ACADSB	AR
DDX59	AR
SLITRK1	AD
CNTNAP1	AR
SETX	AD,AR
MOG	AD
CD79B	AR
ZBTB18	AD
TNFRSF10B	AR
C21ORF2	AR
DMPK	AD
EXT1	AR,AD
CENPJ	AR
GTS	AD
ERCC6L2	AR
NOD2	AD
ARHGEF10	AD
SNORD118	AR
DYNC2H1	AR
SMC1A	XLD
EXOSC3	AR
PRPF31	AD
ANO5	AD,AR
GAN	AR
IFNAR2	AR
F7	AR
F13A1	AR,AD
FHL1	XLD,XL,XLR
RIT1	AD
SCZD10	AD
DYRK1B	AD
CDKAL1	AD
NTN1	AD
ENDO1	AR
BCKDHB	AR
DNAAF5	AR
EGLN1	AD
MMADHC	AR
SCN4A	AD,AR
BICC1	AD
HAD	AR
PLOD3	AR
SPATA5	AR
TNFRSF1A	AD
DARS2	AR
MPDU1	AR
TGM6	AD
POU1F1	AD
PIGA	XLR
ANO10	AR
HNF1A	AR,AD
TIMMDC1	AR
TIMP3	AD
COD2	XL
EBP	XLD,XLR
PPP2R5D	AD
VWF	AD,AR
ANLN	AD
MYP10	U
NALP7	AR
NECTIN1	AR
RELN	AD,AR
RTN4IP1	AR
KHDC3L	AR
ECE1	AD
BGN	XL,XLR
GREM2	AD
GUSB	AR
PARK21	AD
RNPC3	AR
COQ4	AR
SFRP4	AR
HBHR	AD
BBS1	AR
TAM	U
FTSJ1	XLR
WDR81	AR
HPCQTL19	U
LAMP2	XLD
IL1RN	AR,AD
SETBP1	AD
NGLY1	AR
HNRNPDL	AD
PDHA1	XLD
DRPLA	AD
RPSA	AD
UQCRQ	AR
NRL	AD
CLDN14	AR
MRAP2	AD
MCDR3	AD
CRX	AD
SLC34A2	AR
PCAP	U
NEFH	AD
CEP63	AR
ACTG1	AD
IRF3	AD
FAM111A	AD
ST3GAL5	AR
ACPT	AR
TMEM15	AR
ELANE	AD
AGBL1	AD
CCDC28B	AR
ICK	AR,AD
AGPS	AR
IGHMBP2	AR
BRPF1	AD
RMD1	AD
ABCA12	AR
TBR1	AD
DFNA59	AD
CFP	XLR
FDPS	AD
SCZD3	AD
ERAL1	AR
DFNA54	AD
ZC3H14	AR
TWIST1	AD
STAC3	AR
NSMCE3	AR
REN	AD,AR
SLC6A19	AD,AR
RAB33B	AR
LRRC8A	AD
ATOD1	AD
NT5C3A	AR
DBT	AR
TSPAN12	AD
NLRP1	AD
AP4M1	AR
ROR1	AR
FGF9	AD
SYCE1	AR
NPRL3	AD
SKI	AD
TUBA8	AR
HIP1	U
ORC1	AR
C1QB	AR
PIK3R5	AR
SLC6A5	AD
SDR9C7	AR
TOP3A	AR
MASS1	AD
MYO6	AD,AR
PCCB	AR
CNA1	AD
GPAA1	AR
SEMA3A	AD
PIKFYVE	AD
TRPM4	AD
OPLAH	AR
GNASAS	AD
STK11	AD
RNF43	AD
SLC2A2	AR,AD
MRT29	AR
HSPD1	AD,AR
SERPINA6	AD
ADFN	XL
ERCC1	AR
UROS	AR
MRPL3	AR
TLR3	AD
TLR5	AD
TLR7	AD
GPRASP2	XLR
ABCC9	AD
FIG4	AR,AD
RASGRP2	AR
SLCO1B3	U
EML1	AR
HOXA13	AD
PRNP	AD
EJM2	AR
PIBF	AR
OPA8	AD
NEB	AR
EXPH5	AR
IL1RAPL	XLR
TWNK	AR,AD
RAB27A	AR
TCBE	AR
FKTN	AR
ITF43	AR
RYR1	AD,AR
EIF3F	AR
HSPG2	AR
EPX	AR
IVD	AR
TGM1	AR
ADSSL1	AR
DSG2	AD
SRXY10	AD
TBG	XL
KMT2C	AD
XPC	AR
UNC80	AR
DFNA43	AD
BCOR	XLD
PKD2	AD
NEUROG3	AR
DURS1	AD
RNASEL	AD
CRYGC	AD
ATP2C1	AD
INVS	AR
IQCE	AR
RAX2	AD
HMBS	AD
TRIM36	AR
DSPS	AD
LRIT3	AR
ACTA2	AD
MBL2	AD
TRAF3IP1	AR
CLCN1	AR,AD
LAMA1	AR
COPA	AD
LITAF	AD
PRIMPOL	AD
TGDS	AR
BEAN	AD
CIT	AR
APOC2	AR
NMTC3	AD
SUN5	AR
PEX11B	AR
FTO	AR
CLCN5	XLR
PABPN1	AD
PPP2R1B	U
NPHS1	AR
WNT3	AR
RBM12	AD
ISCU	AR
GALNS	AR
ADA2	AR
AAGAB	AD
COX10	AR
CLCF1	AR
KIAA0196	AR,AD
P4HB	AD
TKT	AR
TEC	AR
IL12B	AR
GPX4	AR
PPP1R17	AD
HIBCH	AR
NDUFA10	AR
TECR	AR
CRELD1	AD
SCA25	AD
HPRHP	AD
PER2	AD
IKBKB	AD,AR
LHB	AR
SIAT9	AR
MGS	AR
LRIG2	AR
CEP104	AR
MED12	XLR
SLC34A3	AR
SLC36A2	AD,AR
XYLT1	AR
BAX	U
BUB1B	AR,AD
ALDH18A1	AR,AD
LALL	U
PHKA1	XLR
C8orf37	AR
DLAT	AR
AAA1	AD
DAO	AD
CLA3	AR
DYT13	AD
IDUA	AR
GRD1	U
RHBDF2	AD
BMPR1A	AD
DIAPH3	AD
RNASEH1	AR
ALG10	AD
PRPF8	AD
IFT43	AR
ZNHIT3	AR
CDKL5	XLD
JPH3	AD
PTH1R	AD,AR
RECQL2	AR
KLK4	AR
SCN4B	AD
CLEC7A	AR
CYP4F22	AR
KCNA1	AD
PCNT	AR
RAB7	AD
DCAF17	AR
PAM16	AR
GNAS	AD
PUS3	AR
XRCC2	AR
SERPINI1	AD
KIF21A	AD
PRSS1	AR,AD
MCM5	AR
C2	AR
MBS2	AD
ASPN	AD
AR	XLR
GLDC	AR
NME8	AR
MFSD2A	AR
PIGN	AR
SERPINA7	XL
C6orf221	AR
ALG3	AR
TRAK1	AR
SP7	AR
ITM2B	AD
EPCAM	AR
ESCO2	AR
PTS	AR
TYR	AD,AR
NANOS1	AD
MRT4	AR
LRPPRC	AR
RECQL3	AR
NOLA2	AR
RPL35A	AD
RASSF1	U
ATR	AD,AR
GLC1M	AD
PEX3	AR
ATXN2	AD
FADD	AR
IGF2	AD
SLC25A22	AR
KCNJ10	AR
KLHL15	XLR
RPS17	AD
EJM4	AD
GUCY2D	AD,AR
SLC16A2	XL
LMNA	AD,AR
BTK	XLR
GRIN1	AD,AR
XK	XL
MAD1L1	U
KRT12	AD
CATSPER1	AR
TSEN2	AR
CFHR5	AD
TRAPPC12	AR
PSMC3IP	AR
NODAL	AD
OASD	XL
PAK3	XLR
CUL4B	XLR
CYFIP2	AD
CCND2	AD
NNO1	AD
CNGB1	AR
MSH2	AR,AD
P2RY5	AR
GCK	AD
GMPPB	AR
SDHC	AD
SPG29	AD
HPS6	AR
RNF113A	XLD
HMS1	XL
PRODH	AD,AR
CARTPT	AD
ETL2	AD
UGT1	AR
ASPH	AR
FCN3	AR
CHAMP1	AD
SHFL1	AD
TRPV6	AR
WM1	AD
SFTPA1	AD
HAAO	AR
PDK3	XLD
TBXAS1	AD,AR
CCDC114	AR
CCDC78	AD
DPF2	AD
MFRP	AR
SPG36	AD
BHLHB3	AD
FAME3	AD
BLOC1S3	AR
IHH	AR,AD
PPARG	AD
SLC17A5	AR
CRYGS	AD
AK2	AR
HAX1	AR
CEP120	AR
GRIP1	AR
PINK1	AR
IGLL1	AR
COQ6	AR
CLP1	AR
GSM1	AD
WNT10A	AR,AD
NLRP3	AD
CTBP1	AD
RSPRY1	AR
MMP19	AD
GRIN2D	AD
CCDC65	AR
PDE10A	AR,AD
PPP1R3A	AD
PFC	XLR
POMT2	AR
ANXA5	AD
HOXD13	AD
MRT9	AR
SLC5A5	AR
STAT3	AD
KIF11	AD
MARS2	AR
MAP3K1	AD
SOX3	XL,XLD
LIPH	AR
MYMK	AR
CORD1	AD
ASH1L	AD
ARSB	AR
DPH1	AR
TAF6	AR
CDH1	AD
MEF2C	AD
GLRX5	AR
UFM1	AR
RAD54L	AD
AKR1C2	AR
ADCY10	AD
CSPP1	AR
CRYBB3	AD
SLC35A3	AR
SERPINB7	AR
CA5A	AR
SCZD8	AD
FOXL2	AD
MRX77	XLR
XRCC4	AR
TMEM126A	AR
DLX4	AD
RP63	AD
PLDN	AR
LIFR	AR
SLC34A1	AR,AD
ARL6	AR
GNB3	AR
ANKS6	AR
RP29	AR
LPIN1	AR
SCNN1G	AD,AR
PDE6D	AR
LDLR	AD
DDRGK1	AR
NFKB2	AD
GRIK2	AR
MTHFD1	AR
SH3GL1	AD
FKBP10	AR
CMH21	AD
SPG34	XLR
B9D1	AR
EYS	AR
MGR12	AD
TWIST2	AR,AD
CTSC	AR
PNPLA6	AR
TNFSF7	AR
HESX1	AD
EZH2	AD
LOXL1	AD
DFNA33	AD
PKD1L1	AR
SLC24A5	AR
USP9Y	U
VPS33A	AR
HWE1	AD
EED	AD
KTCN8	AD
TKCR	XL
TUBB2A	AD
EXT3	AD
C9orf72	AD
GTPBP3	AR
BRIP1	AD
TRDN	AR
GPC3	XLR,AD
ATP6V1E1	AR
UROD	AD
MRT28	AR
ATAD1	AR
STT3B	AR
PI12	AD
MPLKIP	AR
GNB4	AD
ESRP1	AR
NGFB	AR
KIND1	AR
LSS	AR
TS2	U
TMEM107	AR
PIBF1	AR
FYCO1	AR
AGA1	AD
PSMD12	AD
MAGEL2	AD
TPK1	AR
CBL	AD
NPM1	AD
RBM10	XLR
HOMER2	AD
POU6F2	AD
ATD	AR
ATP6V1B1	AR
KCNJ13	AD,AR
RAI1	AD
SLC26A1	AR
ATOH7	AR
QDPR	AR
UBE3B	AR
C21orf59	AR
SRD5A2	AR
FLNC	AD
HDAC8	XLD
EPO	AR,AD
MET	AR,AD
TGFB2	AD
KANSL1	AD
PEX1	AR
BVES	AR
GALE	AR
KATNB1	AR
HYOU1	AR
PAX7	U
SPR	AR
COASY	AR
NSD3	AD
ITGA7	AR
PTCHD1	XLR
MAPK8IP1	AD
MYO3A	AR
SUOX	AR
APOA2	AD
GM2A	AR
TTLL5	AR
VHL	AR,AD
PRBNS	AR
ANKRD11	AD
SCN10A	AD
NADK2	AR
ETM2	AD
GNAS-AS1	AD
SEMA4A	AD,AR
CNKSR2	XL
HCRT	AD
FBN1	AD
SBDS	AR
CASR	AD,AR
SANS	AR
PIGG	AR
MAFB	AD
PGAP1	AR
ZBTB24	AR
WNT4	AD,AR
FCGR2C	AD
GAMT	AR
CFAP53	AR
TRMT10C	AR
APC	AD
PAFAH1B1	AD
SCA30	AD
IL21R	AD,AR
SH2B3	AD
CACNA1A	AD
HCN1	AD
C21orf2	AR
TRNT1	AR
YME1L1	AR
CD79A	AR
MYT1L	AD
TIMM8A	XLR
NDUFA13	AR
SLC25A46	AR
TTBK2	AD
RPIA	AR
HNFJ3	AD
CDH23	AR,AD
MRXSA	XLR
ADHD2	AD
MN1	AD
DLD	AR
DSTYK	AD,AR
KIAA1109	AR
EDS8	AD
ETFB	AR
DFNB38	AR
PLA2G6	AR
ALAD	AR
SORT1	AD
PRPH	AD
CD40	AR
MMACHC	AR
OTC	XLR
NLGN3	XL
RPL21	AD
SOS1	AD
HMMR	AD
CLMP	AR
SDCCAG8	AR
GEFSP4	AD
ANK2	AD
SLC2A9	AD
SLC33A1	AD,AR
PNPLA2	AR
VEGFC	AD
PRMT7	AR
PARK7	AR
SLC35D1	AR
WNT1	AR
ARVD4	AD
CFAP44	AR
ARHGEF6	XLR
LIG4	AR
ZFPM2	AD
DA10	AD
PAURT1	AD
RP2	XL
ABAT	AR
CHST6	AR
CHMP1A	AR
SUMO1	U
RPS29	AD
AP3B2	AR
SOBP	AR
OPHLC	U
TTC19	AR
SQSTM1	AD,AR
IL1B	AD
GNPTAB	AR
CERS3	AR
DHS6S1	AD
TENM4	AD
DOCK7	AR
LMF1	AR
GP9	AR
HSPB1	AD
MAX	AD
GTDC2	AR
COCH	AR,AD
GDI1	XLD
B4GALT7	AR
BDMR	AD
MTPAP	AR
GAD1	AR
ENO3	AR
ATP6AP1	XLR
COG7	AR
CSF3R	AD,AR
PET100	AR
CACNA1S	AD
SPINK5	AR
TTC7A	AR
DAG1	AR
EIF2B3	AR
SALL4	AD
NR2E3	AR,AD
NDUFA2	AR
DPYS	AR
TAS2R38	AD
METTL13	AD
SCN3B	AD
THRA	AD
NRCLP3	AD
TBX18	AD
ATPLS	AD
COL27A1	AR
HYT3	U
MRE11	AR
DNM1	AD
NACC1	AD
NGF	AR
ALG13	XLD
CTAA1	AD
FLRT3	AD
KIF5A	AD
C3	AR
ENTPD1	AR
SLITRK6	AR
SNRPE	AD
ARMC9	AR
QRICH1	AD
SLC26A5	AR
EIF2AK4	AR
ZNF9	AD
CRADD	AR
PHF8	XLR
GLMN	AD
SEC23B	AR,AD
RDH11	AR
AMACR	AR
COL1A2	AD,AR
SON	AD
CYP26C1	AR
MFN2	AD,AR
OPA3	AD,AR
OTSC4	AD
KAL1	XLR
GIF	AR
GGCX	AR
TANGO2	AR
RNU4ATAC	AR
PPP3CA	AD
P4HA2	AD
POMT1	AR
UBE3A	AD
VDR	AR,AD
ACADS	AR
DCX	XL
FASL	AD
AFF4	AD
PIGS	AR
MMAB	AR
CARD11	AD,AR
AKT2	AD
TMPRSS3	AR
PLD1	AR
PTPRO	AR
PGR	AR
HNMT	AD,AR
SPECC1L	AD
RELA	AD
TEX15	AR
SRD5A3	AR
DYN2CH1	AR
AFP	AR,AD
IMPAD1	AR
FTCD	AR
GBA	AD,AR
IL7	AR
ZAP70	AR
KDM5C	XLR
SLC46A1	AR
ERCC5	AR
ALK1	AD
ALG9	AR
SPTLC2	AD
TNFRSF13C	AR
ASS1	AR
FOXC1	AD
CCDC8	AR
CSF2RB	AR
NOG	AD
DIH2	AR
MRX84	XLR
LAMC3	AR
KRT81	AD
TCPT	U
PIK3CD	AD
EXTL3	AR
HYAL1	AR
FRRS1L	AR
STAT1	AR,AD
BBS5	AR
ESRRB	AR
UBE2A	XLR
NEK9	AR
POLD1	AD
RCBTB1	AR
COQ8B	AR
ARL2BP	AR
MAP2K2	AD
RAPSN	AR
ITGB6	AR
NDUFA9	AR
RIPOR2	AR
RPS23	AD
ACOX2	AR
APOB	AR,AD
CKAP2L	AR
KDM6A	XLD
DOCK6	AR
OSTM1	AR
FAM46A	AR
CFTR	AR,AD
ARIX	AR
LAP	AD
CYP24A1	AR
APRT	AR
SOHLH1	AD,AR
GHR	AR,AD
ATP1A1	AD
POROK6	AD
DHMN1	AD
COL9A2	AR,AD
GATAD2B	AD
GAS8	AR
NRAS	AD
SLC10A2	AR
NOP10	AR
MROS	AD
MME	AD,AR
DFNB85	AR
TNFAIP3	AD
DNM1L	AD
EGI	AD
DFNB55	AR
NUP85	AR
G6PT1	AR
RTN4R	AD
SLC26A3	AR
EVC2	AD,AR
CAMTA1	AD
NDUFS3	AR
RUSC2	AR
PCYT1A	AR
NF2	AD
PITPNM3	AD
PRSS56	AR
CFAP69	AR
COL11A1	AR,AD
PSEN2	AD
KERA	AR
OAT	AR
TGM5	AR
EPRPDC	AR
PPP1R15B	AR
PLEC1	AD,AR
THBD	AD
BMPR1B	AD,AR
HSN1B	AD
DSPP	AD
CLDN1	AR
PRPH2	AD
TUBB2B	AD
AKR1D1	AR
BRDT	AR
CPS1	AR
SLC40A1	AD
FTH1	AD
LMBR1	AD,AR
BED	XLR
MVD	AD
SLCO2A1	AR
FANCI	AR
DYT7	AD
HMGA1	AD
ALDOB	AR
ZFP57	AD
HYT2	U
SLC6A4	AD
CCBE1	AR
KLHL24	AD
KDM5B	AR
FGF16	XLR
MPI	AR
EOE1	U
TMEM67	AR
ALX3	AR
EPHX1	AR
DNAI1	AR
MIR2861	AD
CYP2D6	AR
FGF23	AD,AR
CD19	AR
NDUFB11	AR,XLD
PPP1CB	AD
CRYGD	AD
ADRB3	AD
NEK1	AR,AD
FLT4	AD
